"Question","Answer","Title","Concept"
"Q1",3,"Question 1","A"
"Q2",1,"Question 2","A"
"Q3",3,"Question 3","A"
"Q4",4,"Question 4","A"
"Q5",4,"Question 5","A"
"Q6",1,"Question 6","B"
"Q7",4,"Question 7","B"
"Q8",1,"Question 8","B"
"Q9",1,"Question 9","B"
"Q10",3,"Question 10","B"
"Q11",2,"Question 11","C"
"Q12",4,"Question 12","C"
"Q13",3,"Question 13","C"
"Q14",3,"Question 14","C"
"Q15",1,"Question 15","C"
"Q16",2,"Question 16","D"
"Q17",1,"Question 17","D"
"Q18",4,"Question 18","D"
"Q19",1,"Question 19","D"
"Q20",1,"Question 20","D"
